SET foreign_key_checks = 0;

INSERT INTO `SINU`.`group` (series_id, year, faculty) VALUES (2, 3, 'Automatica si Calculatoare');
INSERT INTO `SINU`.`group` (series_id, year, faculty) VALUES (2, 3, 'Automatica si Calculatoare');
INSERT INTO `SINU`.`group` (series_id, year, faculty) VALUES (2, 3, 'Automatica si Calculatoare');
INSERT INTO `SINU`.`group` (series_id, year, faculty) VALUES (2, 3, 'Automatica si Calculatoare');
INSERT INTO `SINU`.`group` (series_id, year, faculty) VALUES (2, 3, 'Automatica si Calculatoare');
INSERT INTO `SINU`.`group` (series_id, year, faculty) VALUES (2, 3, 'Automatica si Calculatoare');
INSERT INTO `SINU`.`group` (series_id, year, faculty) VALUES (2, 3, 'Automatica si Calculatoare');
INSERT INTO `SINU`.`group` (series_id, year, faculty) VALUES (2, 3, 'Automatica si Calculatoare');
INSERT INTO `SINU`.`group` (series_id, year, faculty) VALUES (2, 3, 'Automatica si Calculatoare');
INSERT INTO `SINU`.`group` (series_id, year, faculty) VALUES (2, 3, 'Automatica si Calculatoare');

INSERT INTO users (first_name, last_name, email, username, password, role, group_id, activated) VALUES ('Rares', 'Popa', 'raresp98@gmail.com', 'raresp', '$2a$10$GUwA4ydSADuj4xcQ3qJC9Oan2qFLOgzTmW6KFiz6Pro8F/4gO4B5e', 'STUDENT', 10, 1);
INSERT INTO users (first_name, last_name, email, username, password, role, group_id, activated) VALUES ('Cezara', 'Dulceac', 'cezara_sv@yahoo.com', 'cezarad', '$2a$10$GUwA4ydSADuj4xcQ3qJC9Oan2qFLOgzTmW6KFiz6Pro8F/4gO4B5e', 'STUDENT', 10, 1);
INSERT INTO users (first_name, last_name, email, username, password, role, group_id, activated) VALUES ('Luiza', 'Fat', 'luizamf22@yahoo.com', 'luizamf', '$2a$10$GUwA4ydSADuj4xcQ3qJC9Oan2qFLOgzTmW6KFiz6Pro8F/4gO4B5e', 'STUDENT', 10, 1);
INSERT INTO users (first_name, last_name, email, username, password, role, group_id, activated) VALUES ('Grigor', 'Ipatiov', 'grigorIpatiov@yahoo.com', 'grigi', '$2a$10$GUwA4ydSADuj4xcQ3qJC9Oan2qFLOgzTmW6KFiz6Pro8F/4gO4B5e', 'STUDENT', 10, 1);
INSERT INTO users (first_name, last_name, email, username, password, role, group_id, activated) VALUES ('Alin', 'Scarlat', 'alinS@gmail.com', 'alins', '$2a$10$GUwA4ydSADuj4xcQ3qJC9Oan2qFLOgzTmW6KFiz6Pro8F/4gO4B5e', 'STUDENT', 9, 1);
INSERT INTO users (first_name, last_name, email, username, password, role, group_id, activated) VALUES ('Mihai', 'Filip-Dud', 'mihaiFD@gmail.com', 'mihaifd', '$2a$10$GUwA4ydSADuj4xcQ3qJC9Oan2qFLOgzTmW6KFiz6Pro8F/4gO4B5e', 'STUDENT', 7, 1);
INSERT INTO users (first_name, last_name, email, username, password, role, group_id, activated) VALUES ('Lucia', 'Vacariu', 'lvacariu@gmail.com', 'lvacariu', '$2a$10$GUwA4ydSADuj4xcQ3qJC9Oan2qFLOgzTmW6KFiz6Pro8F/4gO4B5e', 'PROFESSOR', 1, 1);
INSERT INTO users (first_name, last_name, email, username, password, role, group_id, activated) VALUES ('Ionel', 'Giosan', 'igiosan@gmail.com', 'giosy', '$2a$10$GUwA4ydSADuj4xcQ3qJC9Oan2qFLOgzTmW6KFiz6Pro8F/4gO4B5e', 'PROFESSOR', 1, 1);
INSERT INTO users (first_name, last_name, email, username, password, role, group_id, activated) VALUES ('Calin', 'Pantea', 'cpantera@gmail.com', 'pantera', '$2a$10$GUwA4ydSADuj4xcQ3qJC9Oan2qFLOgzTmW6KFiz6Pro8F/4gO4B5e', 'STUDENT', 6, 1);
INSERT INTO users (first_name, last_name, email, username, password, role, group_id, activated) VALUES ('Alex', 'Iloie', 'ailoie@gmail.com', 'ailoie', '$2a$10$GUwA4ydSADuj4xcQ3qJC9Oan2qFLOgzTmW6KFiz6Pro8F/4gO4B5e', 'PROFESSOR', 1, 1);
INSERT INTO users (first_name, last_name, email, username, password, role, group_id, activated) VALUES ('Raluca', 'Brehar', 'brehar@gmail.com', 'ralucabrehar', '$2a$10$GUwA4ydSADuj4xcQ3qJC9Oan2qFLOgzTmW6KFiz6Pro8F/4gO4B5e', 'PROFESSOR', 1, 1);
INSERT INTO users (first_name, last_name, email, username, password, role, group_id, activated) VALUES ('Tudor', 'Muresan', 'tmuresan@gmail.com', 'tmuresan', '$2a$10$GUwA4ydSADuj4xcQ3qJC9Oan2qFLOgzTmW6KFiz6Pro8F/4gO4B5e', 'PROFESSOR', 1, 1);
INSERT INTO users (first_name, last_name, email, username, password, role, group_id, activated) VALUES ('Mihai', 'Feier', 'mfeier@gmail.com', 'mfeier', '$2a$10$GUwA4ydSADuj4xcQ3qJC9Oan2qFLOgzTmW6KFiz6Pro8F/4gO4B5e', 'PROFESSOR', 1, 1);
INSERT INTO users (first_name, last_name, email, username, password, role, group_id, activated) VALUES ('Enea', 'Todoran', 'eneatodoran@gmail.com', 'etodoran', '$2a$10$GUwA4ydSADuj4xcQ3qJC9Oan2qFLOgzTmW6KFiz6Pro8F/4gO4B5e', 'PROFESSOR', 1, 1);
INSERT INTO users (first_name, last_name, email, username, password, role, group_id, activated) VALUES ('Mihai', 'Negru', 'mnegru@gmail.com', 'negrumihai', '$2a$10$GUwA4ydSADuj4xcQ3qJC9Oan2qFLOgzTmW6KFiz6Pro8F/4gO4B5e', 'PROFESSOR', 1, 1);
INSERT INTO users (first_name, last_name, email, username, password, role, group_id, activated) VALUES ('Laura', 'Darabant', 'electrolaura@gmail.com', 'electrolaura', '$2a$10$GUwA4ydSADuj4xcQ3qJC9Oan2qFLOgzTmW6KFiz6Pro8F/4gO4B5e', 'PROFESSOR', 1, 1);
INSERT INTO users (first_name, last_name, email, username, password, role, group_id, activated) VALUES ('Florin', 'Oniga', 'florinoniga@gmail.com', 'onigaf', '$2a$10$GUwA4ydSADuj4xcQ3qJC9Oan2qFLOgzTmW6KFiz6Pro8F/4gO4B5e', 'PROFESSOR', 1, 1);
INSERT INTO users (first_name, last_name, email, username, password, role, group_id, activated) VALUES ('Camelia', 'Lemnaru', 'clemnaru@gmail.com', 'clemnaru', '$2a$10$GUwA4ydSADuj4xcQ3qJC9Oan2qFLOgzTmW6KFiz6Pro8F/4gO4B5e', 'PROFESSOR', 1, 1);
INSERT INTO users (first_name, last_name, email, username, password, role, group_id, activated) VALUES ('Victor', 'Bacu', 'bacuv@gmail.com', 'bacuv', '$2a$10$GUwA4ydSADuj4xcQ3qJC9Oan2qFLOgzTmW6KFiz6Pro8F/4gO4B5e', 'PROFESSOR', 1, 1);

INSERT INTO subject (name, year, semester, credits, course_weight, lab_weight, seminar_weight) VALUES('Inginerie Software', 3, 'FIRST', 5, 70, 30, 0);
INSERT INTO subject (name, year, semester, credits, course_weight, lab_weight, seminar_weight) VALUES('Programarea Calculatoarelor', 1, 'FIRST', 5, 60, 30, 10);
INSERT INTO subject (name, year, semester, credits, course_weight, lab_weight, seminar_weight) VALUES('Elemente de grafica asistata de calculator', 2, 'SECOND', 4, 60, 40, 0);
INSERT INTO subject (name, year, semester, credits, course_weight, lab_weight, seminar_weight) VALUES('Electrotehnica', 1, 'SECOND', 4, 90, 10, 0);
INSERT INTO subject (name, year, semester, credits, course_weight, lab_weight, seminar_weight) VALUES('Proiectare cu microprocesoare', 3, 'FIRST', 5, 80, 20, 0);
INSERT INTO subject (name, year, semester, credits, course_weight, lab_weight, seminar_weight) VALUES('Arhitectura Calculatoarelor', 2, 'SECOND', 5, 70, 30, 0);

INSERT INTO class (type, subject_id) VALUES ('COURSE', 1);
INSERT INTO class (type, subject_id) VALUES ('LABORATORY', 1);
INSERT INTO class (type, subject_id) VALUES ('COURSE', 2);
INSERT INTO class (type, subject_id) VALUES ('LABORATORY', 2);
INSERT INTO class (type, subject_id) VALUES ('SEMINAR', 2);
INSERT INTO class (type, subject_id) VALUES ('COURSE', 3);
INSERT INTO class (type, subject_id) VALUES ('LABORATORY', 3);
INSERT INTO class (type, subject_id) VALUES ('COURSE', 4);
INSERT INTO class (type, subject_id) VALUES ('LABORATORY', 4);
INSERT INTO class (type, subject_id) VALUES ('COURSE', 5);
INSERT INTO class (type, subject_id) VALUES ('LABORATORY', 5);
INSERT INTO class (type, subject_id) VALUES ('COURSE', 6);


INSERT INTO teaching(class_id, professor_id) VALUES (3, 8),
                                                      (4, 10),
                                                      (5, 11),
                                                      (1, 14),
                                                      (7, 19),
                                                      (8, 16),
                                                      (10, 15),
                                                      (12, 17);

INSERT INTO grades (grade, grade_date, teaching_id, student_id) VALUES (8, '2019-06-12', 1, 2);
INSERT INTO grades (grade, grade_date, teaching_id, student_id) VALUES (10, '2019-05-22', 2, 1);
INSERT INTO grades (grade, grade_date, teaching_id, student_id) VALUES (9, '2019-06-18', 5, 2);
INSERT INTO grades (grade, grade_date, teaching_id, student_id) VALUES (7.5, '2019-07-05', 8, 2);
INSERT INTO grades (grade, grade_date, teaching_id, student_id) VALUES (5.6, '2019-07-05', 8, 6);
INSERT INTO grades (grade, grade_date, teaching_id, student_id) VALUES (6, '2019-06-12', 1, 6);
INSERT INTO grades (grade, grade_date, teaching_id, student_id) VALUES (8, '2019-06-18', 5, 6);
INSERT INTO grades (grade, grade_date, teaching_id, student_id) VALUES (9.25, '2019-06-15', 7, 1);
INSERT INTO grades (grade, grade_date, teaching_id, student_id) VALUES (8.70, '2019-06-09', 6, 1);
INSERT INTO grades (grade, grade_date, teaching_id, student_id) VALUES (7.55, '2019-06-12', 1, 3);
INSERT INTO grades (grade, grade_date, teaching_id, student_id) VALUES (9, '2019-06-12', 1, 4);
INSERT INTO grades (grade, grade_date, teaching_id, student_id) VALUES (9.2, '2019-06-18', 5, 3);
INSERT INTO grades (grade, grade_date, teaching_id, student_id) VALUES (8.75, '2019-06-15', 7, 3);

INSERT into schedule(teaching_id, `group`, day, time, parity, location) VALUES (1 , 10, 'MONDAY', '08:00:00', 'BOTH', 'D21');
INSERT into schedule(teaching_id, `group`, day, time, parity, location)  VALUES (4 , 10, 'MONDAY', '10:00:00', 'BOTH', 'D21');
INSERT into schedule(teaching_id, `group`, day, time, parity, location) VALUES (7 , 10, 'MONDAY', '12:00:00', 'BOTH', 'D21');
INSERT into schedule(teaching_id, `group`, day, time, parity, location) VALUES (1 , 9, 'MONDAY', '08:00:00', 'BOTH', 'D21');
INSERT into schedule(teaching_id, `group`, day, time, parity, location) VALUES (4 , 9, 'MONDAY', '10:00:00', 'BOTH', 'D21');
INSERT into schedule(teaching_id, `group`, day, time, parity, location) VALUES (7 , 9, 'MONDAY', '12:00:00', 'BOTH', 'D21');
INSERT into schedule(teaching_id, `group`, day, time, parity, location) VALUES (1 , 7, 'MONDAY', '08:00:00', 'BOTH', 'D21');
INSERT into schedule(teaching_id, `group`, day, time, parity, location) VALUES (4 , 7, 'MONDAY', '10:00:00', 'BOTH', 'D21');
INSERT into schedule(teaching_id, `group`, day, time, parity, location) VALUES (7 , 7, 'MONDAY', '12:00:00', 'BOTH', 'D21');
INSERT into schedule(teaching_id, `group`, day, time, parity, location) VALUES (2 , 10, 'TUESDAY', '12:00:00', 'BOTH', '103');
INSERT into schedule(teaching_id, `group`, day, time, parity, location) VALUES (5 , 10, 'TUESDAY', '14:00:00', 'BOTH', '105');
INSERT into schedule(teaching_id, `group`, day, time, parity, location) VALUES (8 , 10, 'TUESDAY', '16:00:00', 'BOTH', '107');
INSERT into schedule(teaching_id, `group`, day, time, parity, location) VALUES (12 , 7, 'TUESDAY', '10:00:00', 'ODD', '107');
INSERT into schedule(teaching_id, `group`, day, time, parity, location) VALUES (14 , 7, 'TUESDAY', '12:00:00', 'BOTH', '107');
INSERT into schedule(teaching_id, `group`, day, time, parity, location) VALUES (3 , 9, 'WEDNESDAY', '08:00:00', 'EVEN', '36');
INSERT into schedule(teaching_id, `group`, day, time, parity, location) VALUES (6 , 9, 'WEDNESDAY', '10:00:00', 'EVEN', '26b');
INSERT into schedule(teaching_id, `group`, day, time, parity, location) VALUES (3 , 10, 'WEDNESDAY', '08:00:00', 'ODD', '36');
INSERT into schedule(teaching_id, `group`, day, time, parity, location) VALUES (6 , 10, 'WEDNESDAY', '10:00:00', 'ODD', '26b');
INSERT into schedule(teaching_id, `group`, day, time, parity, location) VALUES (9 , 10, 'THURSDAY', '08:00:00', 'BOTH', 'D21');
INSERT into schedule(teaching_id, `group`, day, time, parity, location) VALUES (11 , 10, 'THURSDAY', '10:00:00', 'BOTH', 'D21');
INSERT into schedule(teaching_id, `group`, day, time, parity, location) VALUES (13 , 10, 'THURSDAY', '12:00:00', 'BOTH', 'D21');
INSERT into schedule(teaching_id, `group`, day, time, parity, location) VALUES (9 , 9, 'THURSDAY', '08:00:00', 'BOTH', 'D21');
INSERT into schedule(teaching_id, `group`, day, time, parity, location) VALUES (11 , 9, 'THURSDAY', '10:00:00', 'BOTH', 'D21');
INSERT into schedule(teaching_id, `group`, day, time, parity, location) VALUES (13 , 9, 'THURSDAY', '12:00:00', 'BOTH', 'D21');
INSERT into schedule(teaching_id, `group`, day, time, parity, location) VALUES (9 , 7, 'THURSDAY', '08:00:00', 'BOTH', 'D21');
INSERT into schedule(teaching_id, `group`, day, time, parity, location) VALUES (11 , 7, 'THURSDAY', '10:00:00', 'BOTH', 'D21');
INSERT into schedule(teaching_id, `group`, day, time, parity, location) VALUES (13 , 7, 'THURSDAY', '12:00:00', 'BOTH', 'D21');


SET foreign_key_checks = 1;










